team,season,conference,wins,recruiting_rank,talent_composite,sp_overall,transfers_in,avg_stars_in,adj_nil_value,nil_pred_ensemble,nil_final,nil_is_actual
Georgia,2021,SEC,14,3.0,1001.79,32.0,3.0,4.0,,5335265.372496411,5335265.372496411,False
Alabama,2021,SEC,13,1.0,1004.04,26.0,4.0,3.0,,4300029.551855478,4300029.551855478,False
Ohio State,2021,Big Ten,11,2.0,985.09,29.3,1.0,2.0,,3249368.9524661945,3249368.9524661945,False
LSU,2021,SEC,6,4.0,903.72,4.1,2.0,3.5,,2852668.906097506,2852668.906097506,False
Notre Dame,2021,FBS Independents,11,9.0,853.1,17.4,4.0,3.75,,2788314.1613775184,2788314.1613775184,False
USC,2021,Pac-12,4,8.0,874.5,-0.6,9.0,3.111111111111111,,2782802.263620494,2782802.263620494,False
Oklahoma,2021,Big 12,11,11.0,895.38,16.8,10.0,3.3333333333333335,,2557857.8627461446,2557857.8627461446,False
Miami,2021,ACC,7,12.0,841.45,10.8,4.0,3.25,,2370834.6801622007,2370834.6801622007,False
Texas A&M,2021,SEC,8,7.0,888.35,21.1,1.0,3.0,,2285592.076835555,2285592.076835555,False
North Carolina,2021,ACC,6,14.0,798.29,6.4,1.0,4.0,,2204760.766057764,2204760.766057764,False
Texas,2021,Big 12,5,17.0,874.19,8.5,8.0,3.125,,2182289.84659421,2182289.84659421,False
Michigan,2021,Big Ten,12,10.0,832.6,23.4,5.0,3.0,,2083878.2013723888,2083878.2013723888,False
Florida,2021,SEC,6,13.0,885.67,11.0,7.0,3.1666666666666665,,2042200.0562666205,2042200.0562666205,False
Auburn,2021,SEC,6,30.0,840.38,11.0,10.0,3.1,,2030223.373419574,2030223.373419574,False
Florida State,2021,ACC,5,22.0,769.76,7.6,12.0,3.090909090909091,,1921361.6103042876,1921361.6103042876,False
Tennessee,2021,SEC,7,16.0,780.83,17.5,10.0,3.1,,1873069.1559957098,1873069.1559957098,False
Stanford,2021,Pac-12,3,51.0,745.3,-10.2,1.0,4.0,,1870118.6637336037,1870118.6637336037,False
Washington,2021,Pac-12,4,35.0,789.51,-0.7,4.0,3.25,,1799635.3836927894,1799635.3836927894,False
Clemson,2021,ACC,10,5.0,935.08,18.7,0.0,0.0,,1783380.424987105,1783380.424987105,False
Arizona State,2021,Pac-12,8,48.0,734.45,11.8,7.0,2.857142857142857,,1617708.449267748,1617708.449267748,False
Penn State,2021,Big Ten,7,21.0,820.72,14.3,6.0,3.0,,1575229.0362510397,1575229.0362510397,False
UCLA,2021,Pac-12,8,29.0,746.02,9.4,8.0,3.25,,1546425.146906429,1546425.146906429,False
Oregon,2021,Pac-12,10,6.0,885.75,10.2,0.0,0.0,,1491826.2543035722,1491826.2543035722,False
Mississippi State,2021,SEC,7,25.0,716.17,10.5,8.0,3.142857142857143,,1450950.9940779451,1450950.9940779451,False
Iowa,2021,Big Ten,10,23.0,657.39,11.4,1.0,3.0,,1443196.28948229,1443196.28948229,False
Wisconsin,2021,Big Ten,9,15.0,750.89,20.1,2.0,3.0,,1364579.965275383,1364579.965275383,False
Baylor,2021,Big 12,12,44.0,660.65,15.6,6.0,3.2,,1359742.4754169227,1359742.4754169227,False
Utah,2021,Pac-12,10,33.0,707.72,15.2,8.0,3.25,,1315409.2944998173,1315409.2944998173,False
California,2021,Pac-12,5,28.0,662.11,3.4,3.0,3.0,,1314267.9133325014,1314267.9133325014,False
Georgia Tech,2021,ACC,3,47.0,707.35,-6.7,10.0,3.0,,1296245.3912392156,1296245.3912392156,False
Arkansas,2021,SEC,9,24.0,722.84,13.8,5.0,3.0,,1253524.1217224111,1253524.1217224111,False
Memphis,2021,American Athletic,6,46.0,572.13,1.0,13.0,3.0,,1231926.871704,1231926.871704,False
South Carolina,2021,SEC,7,76.0,747.88,3.9,8.0,3.125,,1218001.375899463,1218001.375899463,False
Boston College,2021,ACC,6,36.0,636.46,0.9,6.0,3.0,,1215562.513853307,1215562.513853307,False
Maryland,2021,Big Ten,7,19.0,705.79,6.2,1.0,3.0,,1215504.2286163087,1215504.2286163087,False
SMU,2021,American Athletic,8,53.0,576.03,8.9,14.0,3.1666666666666665,,1207891.003565051,1207891.003565051,False
Minnesota,2021,Big Ten,9,37.0,653.25,14.4,7.0,2.8333333333333335,,1199147.5265553775,1199147.5265553775,False
Virginia,2021,ACC,6,31.0,619.61,7.2,6.0,2.8333333333333335,,1198228.2659046832,1198228.2659046832,False
Michigan State,2021,Big Ten,11,43.0,677.07,11.2,14.0,3.142857142857143,,1195544.2263031735,1195544.2263031735,False
Ole Miss,2021,SEC,10,18.0,732.02,14.8,3.0,3.3333333333333335,,1185390.3736493834,1185390.3736493834,False
Pittsburgh,2021,ACC,11,26.0,668.67,17.6,4.0,3.0,,1149603.9211287228,1149603.9211287228,False
UCF,2021,American Athletic,9,55.0,639.06,4.8,10.0,3.2,,1130551.568433134,1130551.568433134,False
Kansas,2021,Big 12,2,52.0,548.1,-19.7,13.0,2.9,,1122951.2187195425,1122951.2187195425,False
Missouri,2021,SEC,6,27.0,647.74,3.1,5.0,3.0,,1120690.9568809692,1120690.9568809692,False
Virginia Tech,2021,ACC,6,45.0,663.78,2.4,7.0,3.0,,1065366.9432160337,1065366.9432160337,False
Louisville,2021,ACC,6,38.0,607.77,7.8,6.0,2.8333333333333335,,1054769.1445553272,1054769.1445553272,False
Kentucky,2021,SEC,10,32.0,709.07,13.4,7.0,3.142857142857143,,1047351.8660517968,1047351.8660517968,False
Illinois,2021,Big Ten,5,73.0,630.16,4.3,9.0,3.1666666666666665,,1035642.2805740205,1035642.2805740205,False
Northwestern,2021,Big Ten,3,50.0,648.79,-11.1,7.0,2.857142857142857,,1033274.0454708197,1033274.0454708197,False
West Virginia,2021,Big 12,6,40.0,611.29,1.8,2.0,3.5,,1029644.4689270937,1029644.4689270937,False
NC State,2021,ACC,9,34.0,700.36,16.1,4.0,3.0,,1027553.047009693,1027553.047009693,False
Nebraska,2021,Big Ten,3,20.0,743.7,10.3,5.0,3.2,,998161.8327640061,998161.8327640061,False
Cincinnati,2021,American Athletic,13,42.0,626.54,21.2,3.0,2.6666666666666665,,977326.3824840412,977326.3824840412,False
Houston,2021,American Athletic,12,81.0,571.21,10.9,10.0,3.0,,976565.4764934867,976565.4764934867,False
Florida Atlantic,2021,Conference USA,5,82.0,553.28,-5.2,7.0,3.142857142857143,,971471.4153457077,971471.4153457077,False
East Carolina,2021,American Athletic,7,96.0,516.06,0.5,11.0,3.090909090909091,,959180.0872069815,959180.0872069815,False
TCU,2021,Big 12,5,61.0,698.52,-0.6,6.0,3.1666666666666665,,955603.3044929206,955603.3044929206,False
Fresno State,2021,Mountain West,10,74.0,483.77,10.8,8.0,3.1666666666666665,,954360.8244651781,954360.8244651781,False
Oklahoma State,2021,Big 12,12,39.0,613.69,17.2,5.0,3.0,,943107.908677378,943107.908677378,False
Rutgers,2021,Big Ten,5,41.0,573.14,-3.0,7.0,3.0,,887179.6643107529,887179.6643107529,False
Purdue,2021,Big Ten,9,72.0,644.23,10.3,8.0,2.857142857142857,,878595.8915582479,878595.8915582479,False
Kansas State,2021,Big 12,8,56.0,569.65,14.2,8.0,2.6666666666666665,,858612.4050452451,858612.4050452451,False
Colorado,2021,Pac-12,4,65.0,640.85,-10.0,6.0,3.1666666666666665,,858115.7827117695,858115.7827117695,False
Troy,2021,Sun Belt,5,104.0,448.77,-6.5,8.0,3.2,,853449.8662138353,853449.8662138353,False
UTSA,2021,Conference USA,12,78.0,508.77,6.5,9.0,2.875,,829500.0292815706,829500.0292815706,False
UNLV,2021,Mountain West,2,68.0,392.44,-13.8,6.0,3.4,,824008.2217397887,824008.2217397887,False
San Diego State,2021,Mountain West,12,62.0,441.63,8.3,2.0,3.5,,802571.5811841759,802571.5811841759,False
Nevada,2021,Mountain West,8,86.0,421.64,3.6,6.0,3.2,,793518.6392289534,793518.6392289534,False
Arizona,2021,Pac-12,1,75.0,567.61,-12.6,16.0,2.75,,783458.4824724896,783458.4824724896,False
Indiana,2021,Big Ten,2,54.0,664.25,-7.8,8.0,3.0,,779588.9175364855,779588.9175364855,False
South Alabama,2021,Sun Belt,5,122.0,415.07,-7.2,13.0,3.0,,776444.3412820894,776444.3412820894,False
South Florida,2021,American Athletic,2,63.0,540.51,-12.1,10.0,3.1,,775437.2970746218,775437.2970746218,False
Marshall,2021,Conference USA,7,125.0,456.97,8.0,6.0,3.1666666666666665,,773216.0000192898,773216.0000192898,False
Duke,2021,ACC,3,58.0,605.57,-13.5,8.0,3.0,,767580.3567629196,767580.3567629196,False
Washington State,2021,Pac-12,7,60.0,601.16,6.7,7.0,3.0,,759005.0461051539,759005.0461051539,False
Old Dominion,2021,Conference USA,6,100.0,409.31,-7.4,7.0,3.0,,744782.3251891414,744782.3251891414,False
Louisiana Tech,2021,Conference USA,3,121.0,520.48,-11.6,9.0,3.0,,734688.9197031917,734688.9197031917,False
Charlotte,2021,Conference USA,5,101.0,462.67,-13.7,11.0,3.0,,730932.2198648987,730932.2198648987,False
Miami (OH),2021,Mid-American,7,88.0,378.03,1.5,2.0,3.0,,728529.921401758,728529.921401758,False
Boise State,2021,Mountain West,7,70.0,557.69,9.4,6.0,2.6,,725522.9446450843,725522.9446450843,False
Oregon State,2021,Pac-12,7,108.0,640.66,8.9,6.0,3.0,,722011.0115031905,722011.0115031905,False
Southern Miss,2021,Conference USA,3,124.0,465.94,-14.2,8.0,3.0,,718742.1289430632,718742.1289430632,False
Texas Tech,2021,Big 12,7,64.0,607.1,9.8,11.0,2.909090909090909,,717277.8518390837,717277.8518390837,False
Arkansas State,2021,Sun Belt,2,106.0,475.74,-17.9,17.0,2.8823529411764706,,712646.2309292486,712646.2309292486,False
Kent State,2021,Mid-American,7,118.0,357.85,-6.4,7.0,3.0,,706271.5306816708,706271.5306816708,False
Middle Tennessee,2021,Conference USA,7,123.0,494.02,-4.0,6.0,3.0,,685604.6793385582,685604.6793385582,False
UAB,2021,Conference USA,9,116.0,444.37,9.1,6.0,3.0,,684264.9696470009,684264.9696470009,False
New Mexico,2021,Mountain West,3,94.0,360.77,-18.6,4.0,3.25,,671050.8408263163,671050.8408263163,False
Western Michigan,2021,Mid-American,8,97.0,396.47,0.6,1.0,3.0,,668549.1582982832,668549.1582982832,False
Iowa State,2021,Big 12,7,59.0,613.6,14.3,2.0,3.0,,665004.0643167394,665004.0643167394,False
Texas State,2021,Sun Belt,4,183.0,428.48,-16.0,19.0,2.823529411764706,,661883.9048052784,661883.9048052784,False
Colorado State,2021,Mountain West,3,89.0,443.16,-2.4,6.0,2.6666666666666665,,656100.517292259,656100.517292259,False
Louisiana,2021,Sun Belt,13,79.0,435.63,8.7,9.0,2.875,,655105.264341563,655105.264341563,False
Tulsa,2021,American Athletic,7,126.0,470.49,5.8,6.0,3.0,,651929.570309806,651929.570309806,False
Georgia Southern,2021,Sun Belt,3,92.0,383.76,-15.3,4.0,3.0,,646963.9557024201,646963.9557024201,False
Tulane,2021,American Athletic,2,77.0,463.02,-3.9,5.0,2.75,,640743.714816516,640743.714816516,False
BYU,2021,FBS Independents,10,71.0,443.13,8.9,5.0,3.2,,639591.6330434822,639591.6330434822,False
App State,2021,Sun Belt,10,69.0,450.04,10.3,7.0,3.0,,634781.3424967178,634781.3424967178,False
Wake Forest,2021,ACC,11,66.0,589.19,10.1,6.0,3.0,,631303.1563555321,631303.1563555321,False
Rice,2021,Conference USA,4,93.0,419.65,-22.9,3.0,3.0,,629095.0692625232,629095.0692625232,False
Ball State,2021,Mid-American,6,95.0,338.31,-11.2,2.0,3.0,,627609.9502395056,627609.9502395056,False
Syracuse,2021,ACC,5,57.0,567.19,0.3,3.0,3.0,,625687.5321164865,625687.5321164865,False
Coastal Carolina,2021,Sun Belt,11,84.0,415.91,13.2,4.0,3.0,,624208.4984536911,624208.4984536911,False
North Texas,2021,Conference USA,6,80.0,496.31,-6.5,11.0,2.8,,620153.0456354325,620153.0456354325,False
Bowling Green,2021,Mid-American,4,103.0,380.74,-12.4,5.0,3.0,,615602.277120737,615602.277120737,False
Northern Illinois,2021,Mid-American,9,91.0,354.21,-7.1,1.0,3.0,,614455.6751231547,614455.6751231547,False
Ohio,2021,Mid-American,3,99.0,332.25,-11.6,1.0,3.0,,612685.344356233,612685.344356233,False
Eastern Michigan,2021,Mid-American,7,112.0,340.6,-7.8,3.0,3.0,,608074.9454725885,608074.9454725885,False
UConn,2021,FBS Independents,1,115.0,331.9,-25.6,2.0,3.0,,600574.7397528915,600574.7397528915,False
Western Kentucky,2021,Conference USA,9,136.0,524.97,13.3,19.0,2.6666666666666665,,596876.5209346305,596876.5209346305,False
Vanderbilt,2021,SEC,2,49.0,609.82,-19.4,5.0,3.0,,596776.4169652348,596776.4169652348,False
Hawai'i,2021,Mountain West,6,127.0,397.43,-2.3,6.0,2.8,,590841.5384914643,590841.5384914643,False
Akron,2021,Mid-American,2,119.0,330.97,-23.1,3.0,3.0,,583246.0220988211,583246.0220988211,False
Toledo,2021,Mid-American,7,67.0,465.4,6.9,5.0,3.0,,573796.645271132,573796.645271132,False
Wyoming,2021,Mountain West,7,110.0,326.65,0.6,1.0,3.0,,565740.1884484789,565740.1884484789,False
Buffalo,2021,Mid-American,4,98.0,267.09,-9.5,6.0,2.4,,563112.7683511531,563112.7683511531,False
San José State,2021,Mountain West,5,120.0,410.81,-1.9,9.0,2.857142857142857,,562902.5941820822,562902.5941820822,False
New Mexico State,2021,FBS Independents,2,114.0,117.43,-24.2,1.0,3.0,,556055.6394517488,556055.6394517488,False
Liberty,2021,FBS Independents,8,111.0,154.75,8.4,6.0,2.6666666666666665,,555680.7618371142,555680.7618371142,False
Central Michigan,2021,Mid-American,9,87.0,268.89,-1.0,3.0,2.6666666666666665,,550792.1813441416,550792.1813441416,False
Temple,2021,American Athletic,3,105.0,501.4,-19.1,11.0,2.9,,549484.1947422209,549484.1947422209,False
Georgia State,2021,Sun Belt,8,102.0,413.91,1.8,3.0,3.0,,526642.1108694252,526642.1108694252,False
UTEP,2021,Conference USA,7,134.0,318.65,-4.2,4.0,2.0,,485268.0339394867,485268.0339394867,False
Navy,2021,American Athletic,4,107.0,127.63,-8.5,0.0,0.0,,484607.495604828,484607.495604828,False
Army,2021,FBS Independents,9,109.0,111.53,4.7,0.0,0.0,,483561.45620781585,483561.45620781585,False
Massachusetts,2021,FBS Independents,1,117.0,227.21,-29.3,11.0,2.7142857142857144,,451256.6884899525,451256.6884899525,False
UL Monroe,2021,Sun Belt,4,113.0,312.31,-20.3,15.0,2.6153846153846154,,445673.1937295295,445673.1937295295,False
Utah State,2021,Mountain West,11,135.0,394.37,0.1,12.0,2.75,,425486.6810691105,425486.6810691105,False
Air Force,2021,Mountain West,10,90.0,30.32,7.4,2.0,3.0,,383579.28246821044,383579.28246821044,False
Florida International,2021,Conference USA,1,83.0,520.69,-21.6,0.0,0.0,,361775.30812718015,361775.30812718015,False
Ohio State,2022,Big Ten,11,4.0,983.14,31.1,3.0,3.3333333333333335,4362828.200972447,5857960.844752644,4362828.200972447,True
Georgia,2022,SEC,15,3.0,989.76,35.3,1.0,2.0,,3880172.486304938,3880172.486304938,False
Michigan,2022,Big Ten,13,9.0,847.24,32.0,3.0,3.3333333333333335,3250734.7379794708,2809360.852898191,3250734.7379794708,True
Oklahoma,2022,Big 12,6,8.0,870.34,15.4,16.0,3.3333333333333335,,3171703.3728841124,3171703.3728841124,False
Washington,2022,Pac-12,11,96.0,761.72,15.7,9.0,3.125,2609142.3554835226,1495923.4823802651,2609142.3554835226,True
Texas A&M,2022,SEC,5,1.0,947.3,9.1,2.0,3.5,2523596.7044840627,3061521.2233903725,2523596.7044840627,True
Alabama,2022,SEC,11,2.0,1016.79,30.3,5.0,4.4,2480823.878984333,7536743.195519923,2480823.878984333,True
Oregon,2022,Pac-12,10,13.0,877.93,18.9,12.0,3.363636363636364,,2366472.114052727,2366472.114052727,False
Texas,2022,Big 12,8,5.0,887.45,23.1,7.0,3.7142857142857144,2352505.4024851434,2382996.6630558707,2352505.4024851434,True
Auburn,2022,SEC,5,21.0,783.87,5.1,11.0,3.0,2266959.7514856835,1648016.3784686823,2266959.7514856835,True
Clemson,2022,ACC,11,10.0,943.0,17.6,1.0,3.0,2266959.7514856835,2548672.045479822,2266959.7514856835,True
Arkansas,2022,SEC,7,28.0,741.06,12.0,9.0,3.5555555555555554,2181414.1004862236,1800350.9326473207,2181414.1004862236,True
North Carolina,2022,ACC,9,11.0,812.94,7.8,5.0,3.0,2053095.6239870342,1877370.9765178552,2053095.6239870342,True
Miami,2022,ACC,5,16.0,854.72,-2.7,11.0,3.090909090909091,1967549.9729875743,1996492.5633381787,1967549.9729875743,True
Florida,2022,SEC,6,17.0,856.95,10.4,9.0,3.4444444444444446,1924777.1474878446,1686583.3401953198,1924777.1474878446,True
Florida State,2022,ACC,10,20.0,780.76,13.2,13.0,3.1666666666666665,1882004.3219881146,1523076.2887546497,1882004.3219881146,True
Oklahoma State,2022,Big 12,7,29.0,670.53,11.3,5.0,3.0,,1864089.6278606132,1864089.6278606132,False
Louisville,2022,ACC,8,51.0,625.42,9.0,13.0,3.1818181818181817,1839231.4964883847,1164221.8617209988,1839231.4964883847,True
Penn State,2022,Big Ten,11,6.0,830.44,22.4,3.0,3.3333333333333335,1839231.4964883847,1875693.384815259,1839231.4964883847,True
Wisconsin,2022,Big Ten,7,44.0,744.44,8.3,6.0,3.0,1839231.4964883847,1567799.342039147,1839231.4964883847,True
USC,2022,Pac-12,11,70.0,860.12,18.9,20.0,3.4,1796458.670988655,2050653.5422506437,1796458.670988655,True
Michigan State,2022,Big Ten,5,24.0,693.91,1.2,10.0,3.2,1668140.1944894653,1558610.7847038761,1668140.1944894653,True
Notre Dame,2022,FBS Independents,9,7.0,866.48,10.3,4.0,3.5,1668140.1944894653,2415570.109995504,1668140.1944894653,True
South Carolina,2022,SEC,8,25.0,762.63,12.7,10.0,3.4,1668140.1944894653,1396851.0996889742,1668140.1944894653,True
LSU,2022,SEC,10,12.0,872.61,16.2,16.0,3.3333333333333335,1582594.5434900054,2217938.0482649286,1582594.5434900054,True
Tennessee,2022,SEC,11,18.0,764.8,25.2,8.0,3.125,1539821.7179902755,1612065.9993973635,1539821.7179902755,True
Missouri,2022,SEC,6,15.0,715.36,8.1,13.0,3.0,1497048.8924905458,1193352.659419211,1497048.8924905458,True
Georgia Tech,2022,ACC,5,54.0,715.48,-11.8,18.0,2.9444444444444446,,1466496.8658046492,1466496.8658046492,False
Nebraska,2022,Big Ten,4,41.0,752.12,-1.2,15.0,3.066666666666667,1454276.0669908158,1424589.235120852,1454276.0669908158,True
Indiana,2022,Big Ten,4,26.0,680.74,-7.1,13.0,3.1666666666666665,1411503.2414910858,980063.3699151843,1411503.2414910858,True
Minnesota,2022,Big Ten,9,49.0,649.43,16.0,8.0,3.0,1411503.2414910858,1093181.0196766702,1411503.2414910858,True
UCF,2022,American Athletic,9,53.0,636.16,10.3,14.0,3.3846153846153846,,1397338.9317309044,1397338.9317309044,False
Cincinnati,2022,American Athletic,9,42.0,650.89,13.1,7.0,3.3333333333333335,,1379833.078994913,1379833.078994913,False
Virginia Tech,2022,ACC,3,36.0,640.85,-9.5,5.0,3.2,1325957.5904916262,1000411.8162060839,1325957.5904916262,True
West Virginia,2022,Big 12,5,35.0,662.57,2.4,11.0,3.0,1325957.5904916262,1231313.9622348512,1325957.5904916262,True
Kentucky,2022,SEC,7,14.0,737.33,13.0,9.0,3.25,1283184.7649918962,1185775.5576466704,1283184.7649918962,True
Utah,2022,Pac-12,10,34.0,705.12,19.2,5.0,3.2,1283184.7649918962,1051462.7110802531,1283184.7649918962,True
Mississippi State,2022,SEC,9,27.0,725.55,15.4,10.0,3.111111111111111,1240411.9394921665,1101112.091221218,1240411.9394921665,True
Stanford,2022,Pac-12,3,19.0,757.81,-7.2,1.0,3.0,,1197854.6890272093,1197854.6890272093,False
Wake Forest,2022,ACC,8,71.0,575.42,8.2,4.0,2.5,1197639.1139924366,696950.9791171508,1197639.1139924366,True
Houston,2022,American Athletic,8,50.0,629.12,4.5,11.0,3.3,,1171032.6074223462,1171032.6074223462,False
NC State,2022,ACC,8,64.0,686.19,6.8,2.0,3.0,1154866.2884927066,912426.8735671199,1154866.2884927066,True
Duke,2022,ACC,9,52.0,603.98,5.0,8.0,2.7142857142857144,1112093.462992977,786164.631517055,1112093.462992977,True
Maryland,2022,Big Ten,8,31.0,680.22,11.2,6.0,3.4,1112093.462992977,1077296.371730756,1112093.462992977,True
UCLA,2022,Pac-12,9,61.0,733.3,15.0,13.0,3.076923076923077,1112093.462992977,1190951.1480628222,1112093.462992977,True
Kansas State,2022,Big 12,10,63.0,584.68,21.4,7.0,3.1666666666666665,1069320.637493247,838848.7779675762,1069320.637493247,True
Oregon State,2022,Pac-12,10,56.0,635.88,14.3,2.0,3.5,1069320.637493247,995081.0887329495,1069320.637493247,True
Purdue,2022,Big Ten,8,38.0,646.08,7.7,10.0,2.9,1069320.637493247,976040.474791982,1069320.637493247,True
TCU,2022,Big 12,13,45.0,712.05,24.3,14.0,3.142857142857143,,1048457.0442216666,1048457.0442216666,False
Iowa,2022,Big Ten,8,30.0,681.98,12.7,1.0,3.0,1026547.8119935171,942412.8939038445,1026547.8119935171,True
Texas Tech,2022,Big 12,8,43.0,660.31,8.5,14.0,3.0,1026547.8119935171,801347.6103635472,1026547.8119935171,True
Western Kentucky,2022,Conference USA,9,94.0,495.64,1.7,14.0,2.9166666666666665,,1014023.2203109127,1014023.2203109127,False
SMU,2022,American Athletic,7,82.0,598.49,4.7,16.0,3.0625,,991213.7682878401,991213.7682878401,False
Arizona,2022,Pac-12,5,22.0,652.06,-3.2,8.0,3.125,983774.9864937871,821877.467157408,983774.9864937871,True
Kansas,2022,Big 12,6,116.0,574.29,2.9,15.0,3.0,983774.9864937871,604995.1056985123,983774.9864937871,True
Ole Miss,2022,SEC,8,23.0,757.39,16.2,17.0,3.4705882352941178,983774.9864937871,1424489.7853425639,983774.9864937871,True
Rutgers,2022,Big Ten,4,33.0,631.47,-9.1,7.0,3.2857142857142856,983774.9864937871,744852.3925760341,983774.9864937871,True
Syracuse,2022,ACC,7,68.0,590.36,2.5,9.0,3.0,983774.9864937871,598230.7043786673,983774.9864937871,True
Buffalo,2022,Mid-American,7,81.0,370.96,-9.2,21.0,2.888888888888889,,971297.8611310334,971297.8611310334,False
Virginia,2022,ACC,3,66.0,625.94,-9.0,10.0,3.2,,962023.3703297912,962023.3703297912,False
Pittsburgh,2022,ACC,9,76.0,654.56,8.6,7.0,3.142857142857143,,960063.591402413,960063.591402413,False
Boston College,2022,ACC,3,40.0,664.63,-14.9,4.0,3.0,941002.1609940573,775179.7327099396,941002.1609940573,True
California,2022,Pac-12,4,59.0,653.31,-3.0,6.0,3.4,941002.1609940573,1088410.883246582,941002.1609940573,True
Massachusetts,2022,FBS Independents,1,117.0,292.14,-30.3,19.0,2.6875,,940817.1476467215,940817.1476467215,False
Washington State,2022,Pac-12,7,60.0,570.94,9.5,9.0,3.1666666666666665,,925766.5548870616,925766.5548870616,False
Fresno State,2022,Mountain West,10,72.0,502.26,3.3,12.0,3.090909090909091,,902616.2617849677,902616.2617849677,False
Toledo,2022,Mid-American,9,92.0,498.98,-3.7,7.0,2.857142857142857,,897145.3651398409,897145.3651398409,False
Marshall,2022,Sun Belt,9,57.0,455.3,3.0,13.0,3.1666666666666665,,889733.5718121581,889733.5718121581,False
Vanderbilt,2022,SEC,5,32.0,629.76,-4.7,6.0,3.0,,850523.1646727027,850523.1646727027,False
Louisiana Tech,2022,Conference USA,3,88.0,473.76,-17.8,9.0,3.111111111111111,,829229.3551796398,829229.3551796398,False
Rice,2022,Conference USA,5,119.0,441.93,-15.2,7.0,3.1666666666666665,,828802.5040449406,828802.5040449406,False
Coastal Carolina,2022,Sun Belt,9,69.0,446.58,0.6,4.0,2.75,,827324.3160989394,827324.3160989394,False
Utah State,2022,Mountain West,6,80.0,371.37,-13.3,8.0,3.125,,821216.6898371195,821216.6898371195,False
Baylor,2022,Big 12,6,37.0,666.05,11.7,3.0,3.0,812683.6844948677,1041202.6629330128,812683.6844948677,True
Iowa State,2022,Big 12,4,39.0,590.43,5.3,4.0,3.0,812683.6844948677,764722.2404255678,812683.6844948677,True
Arkansas State,2022,Sun Belt,3,67.0,471.65,-13.0,11.0,3.1,,800677.652198046,800677.652198046,False
Hawai'i,2022,Mountain West,3,126.0,419.54,-24.7,13.0,3.1666666666666665,,795298.6846265655,795298.6846265655,False
Memphis,2022,American Athletic,7,58.0,533.26,6.8,11.0,2.8,,794025.807652033,794025.807652033,False
Akron,2022,Mid-American,2,127.0,456.15,-23.4,15.0,3.066666666666667,,774024.612618054,774024.612618054,False
Northwestern,2022,Big Ten,1,48.0,653.48,-13.4,6.0,3.0,,759419.2420422577,759419.2420422577,False
Miami (OH),2022,Mid-American,6,77.0,397.26,-12.7,8.0,3.0,,755102.015565241,755102.015565241,False
UTSA,2022,Conference USA,11,73.0,515.76,7.2,9.0,3.0,,754893.8959319671,754893.8959319671,False
Florida Atlantic,2022,Conference USA,5,124.0,550.51,-7.1,12.0,3.0833333333333335,,749470.0785384006,749470.0785384006,False
BYU,2022,FBS Independents,8,55.0,415.19,-1.4,4.0,3.25,,738655.7182386643,738655.7182386643,False
Florida International,2022,Conference USA,4,,459.71,-25.5,11.0,2.909090909090909,,737830.9808765968,737830.9808765968,False
Troy,2022,Sun Belt,12,130.0,464.3,8.1,5.0,3.0,,712058.5465579671,712058.5465579671,False
Tulsa,2022,American Athletic,5,112.0,485.87,-6.1,7.0,3.142857142857143,,686625.2680514838,686625.2680514838,False
App State,2022,Sun Belt,6,83.0,456.66,1.7,9.0,3.0,,685165.3304437553,685165.3304437553,False
Colorado State,2022,Mountain West,3,78.0,431.38,-22.2,11.0,3.0,,675551.108439574,675551.108439574,False
UNLV,2022,Mountain West,5,102.0,368.29,-11.9,8.0,3.0,,672671.8817308705,672671.8817308705,False
New Mexico,2022,Mountain West,2,99.0,312.79,-26.9,7.0,3.0,,664482.3422245258,664482.3422245258,False
Liberty,2022,FBS Independents,8,98.0,161.88,-1.5,13.0,2.909090909090909,,661045.7159325988,661045.7159325988,False
San José State,2022,Mountain West,7,75.0,417.95,-4.3,8.0,3.0,,659593.0644595039,659593.0644595039,False
San Diego State,2022,Mountain West,7,65.0,372.29,-4.4,6.0,3.0,,653497.728444937,653497.728444937,False
South Alabama,2022,Sun Belt,10,104.0,466.34,10.8,15.0,3.0,,652419.4032281997,652419.4032281997,False
Southern Miss,2022,Sun Belt,7,79.0,478.97,-3.5,11.0,3.0,,643970.4817845544,643970.4817845544,False
Central Michigan,2022,Mid-American,4,84.0,384.48,-14.0,2.0,2.5,,637772.7215642835,637772.7215642835,False
Illinois,2022,Big Ten,8,46.0,631.46,15.9,8.0,3.0,,621120.9671185269,621120.9671185269,False
UConn,2022,FBS Independents,6,113.0,239.17,-14.6,9.0,3.0,,613356.3430959976,613356.3430959976,False
Old Dominion,2022,Sun Belt,3,106.0,438.06,-13.0,3.0,3.0,,606668.703913036,606668.703913036,False
Northern Illinois,2022,Mid-American,3,87.0,409.86,-18.8,3.0,2.6666666666666665,,601949.1069641438,601949.1069641438,False
Arizona State,2022,Pac-12,3,103.0,670.18,-4.1,13.0,3.076923076923077,,598092.1255519188,598092.1255519188,False
South Florida,2022,American Athletic,1,91.0,574.32,-17.0,16.0,3.0,,595422.2371823005,595422.2371823005,False
Bowling Green,2022,Mid-American,6,109.0,415.08,-18.1,6.0,3.0,,590532.8074567544,590532.8074567544,False
Colorado,2022,Pac-12,1,47.0,616.28,-20.4,6.0,3.0,,586835.3777675157,586835.3777675157,False
East Carolina,2022,American Athletic,8,85.0,494.82,1.1,14.0,2.9166666666666665,,583144.9985347176,583144.9985347176,False
Charlotte,2022,Conference USA,3,107.0,487.24,-16.4,3.0,3.0,,576741.7555389244,576741.7555389244,False
Louisiana,2022,Sun Belt,6,111.0,458.15,2.0,2.0,3.0,,573641.0274392961,573641.0274392961,False
New Mexico State,2022,FBS Independents,7,108.0,189.37,-15.4,9.0,3.0,,569596.9366840976,569596.9366840976,False
Georgia State,2022,Sun Belt,4,100.0,471.84,-3.3,4.0,2.6666666666666665,,567787.0339340306,567787.0339340306,False
Kent State,2022,Mid-American,5,90.0,386.94,-13.1,4.0,3.0,,559302.373903719,559302.373903719,False
Ohio,2022,Mid-American,10,132.0,365.74,-4.6,3.0,3.0,,553703.9118444286,553703.9118444286,False
Air Force,2022,Mountain West,10,114.0,0.0,3.9,0.0,0.0,,550482.0496133425,550482.0496133425,False
Boise State,2022,Mountain West,10,62.0,533.92,5.7,3.0,3.0,,543737.9271368696,543737.9271368696,False
Army,2022,FBS Independents,6,158.0,17.27,-1.5,0.0,0.0,,542697.1189742119,542697.1189742119,False
UAB,2022,Conference USA,7,86.0,443.8,-0.5,2.0,3.0,,542281.0780514708,542281.0780514708,False
Tulane,2022,American Athletic,12,74.0,521.86,12.4,9.0,3.0,,540228.1359203488,540228.1359203488,False
North Texas,2022,Conference USA,7,118.0,504.97,-1.5,10.0,3.0,,535398.6609019776,535398.6609019776,False
Wyoming,2022,Mountain West,7,93.0,292.03,-10.8,3.0,2.6666666666666665,,528041.7590709865,528041.7590709865,False
UL Monroe,2022,Sun Belt,4,134.0,348.53,-15.7,7.0,2.8333333333333335,,514089.06885203894,514089.06885203894,False
Middle Tennessee,2022,Conference USA,8,120.0,425.43,-6.9,10.0,3.0,,510447.01353722083,510447.01353722083,False
Temple,2022,American Athletic,3,95.0,505.48,-12.9,12.0,2.8,,504032.72524785774,504032.72524785774,False
UTEP,2022,Conference USA,5,129.0,289.39,-10.7,1.0,2.0,,500472.7751722361,500472.7751722361,False
Western Michigan,2022,Mid-American,5,105.0,449.89,-17.3,5.0,2.8,,497095.81546601595,497095.81546601595,False
James Madison,2022,Sun Belt,8,156.0,104.24,6.5,5.0,3.0,,489593.02628916537,489593.02628916537,False
Texas State,2022,Sun Belt,4,133.0,464.66,-11.5,15.0,3.0,,478568.87220995896,478568.87220995896,False
Nevada,2022,Mountain West,2,115.0,416.44,-22.4,16.0,2.909090909090909,,471375.6080017353,471375.6080017353,False
Ball State,2022,Mid-American,5,97.0,345.29,-14.9,5.0,2.75,,469646.96001075377,469646.96001075377,False
Eastern Michigan,2022,Mid-American,9,128.0,404.1,-7.1,5.0,2.6,,466699.2256245452,466699.2256245452,False
Navy,2022,American Athletic,4,138.0,0.0,-7.2,0.0,0.0,,466070.1744301908,466070.1744301908,False
Georgia Southern,2022,Sun Belt,6,110.0,414.14,-6.4,11.0,2.857142857142857,,450031.41868873953,450031.41868873953,False
Alabama,2023,SEC,12,1.0,1015.43,23.1,5.0,3.4,,5984910.442787796,5984910.442787796,False
Georgia,2023,SEC,13,2.0,977.87,31.2,4.0,4.0,,5732723.086873578,5732723.086873578,False
Ohio State,2023,Big Ten,11,5.0,974.79,25.2,8.0,3.375,,5378349.787547994,5378349.787547994,False
LSU,2023,SEC,10,6.0,899.31,19.1,14.0,3.7142857142857144,,2968425.50344986,2968425.50344986,False
Michigan,2023,Big Ten,15,17.0,850.43,31.3,9.0,3.6666666666666665,,2659613.995914602,2659613.995914602,False
USC,2023,Pac-12,8,8.0,896.41,9.4,16.0,3.5625,,2582639.7838108437,2582639.7838108437,False
Texas A&M,2023,SEC,7,15.0,925.92,15.6,13.0,3.230769230769231,,2345876.44010232,2345876.44010232,False
Notre Dame,2023,FBS Independents,10,12.0,870.7,20.1,7.0,3.2857142857142856,,2344016.433599736,2344016.433599736,False
Oregon,2023,Pac-12,12,9.0,874.74,26.2,15.0,3.466666666666667,,2307106.9439867623,2307106.9439867623,False
Colorado,2023,Pac-12,4,29.0,711.87,-4.9,48.0,3.1041666666666665,,2259779.5920371325,2259779.5920371325,False
Tennessee,2023,SEC,9,10.0,821.07,16.2,8.0,3.375,,2126667.6461905497,2126667.6461905497,False
Clemson,2023,ACC,9,11.0,917.88,10.5,1.0,3.0,,2125063.9220646056,2125063.9220646056,False
Texas,2023,Big 12,12,3.0,913.24,23.2,5.0,3.8,,2085306.013313382,2085306.013313382,False
Penn State,2023,Big Ten,10,14.0,858.06,23.5,6.0,3.1666666666666665,,2054290.0869015884,2054290.0869015884,False
North Carolina,2023,ACC,8,30.0,805.63,7.4,10.0,3.2222222222222223,,2046546.8644006276,2046546.8644006276,False
Oklahoma,2023,Big 12,10,4.0,884.97,15.0,18.0,3.5,,1985515.7271239175,1985515.7271239175,False
Louisville,2023,ACC,10,31.0,744.16,8.0,26.0,3.1538461538461537,,1869120.4660004773,1869120.4660004773,False
Florida,2023,SEC,5,13.0,845.29,6.8,12.0,3.5,,1661984.2732111262,1661984.2732111262,False
Miami,2023,ACC,7,7.0,860.27,9.6,15.0,3.4,,1627669.1259444668,1627669.1259444668,False
Washington,2023,Pac-12,14,26.0,751.12,16.4,10.0,3.4,,1611353.890630079,1611353.890630079,False
UCLA,2023,Pac-12,8,37.0,752.6,9.7,14.0,3.357142857142857,,1520062.0959612695,1520062.0959612695,False
Michigan State,2023,Big Ten,4,24.0,747.34,-6.8,14.0,2.9285714285714284,,1443314.9911918736,1443314.9911918736,False
Boston College,2023,ACC,7,61.0,650.23,-5.9,9.0,3.0,,1434624.134217605,1434624.134217605,False
Florida State,2023,ACC,13,19.0,765.33,19.4,11.0,3.8181818181818183,,1403352.5936929705,1403352.5936929705,False
Utah,2023,Pac-12,8,20.0,722.55,8.5,9.0,3.2222222222222223,,1387158.9706080921,1387158.9706080921,False
TCU,2023,Big 12,5,21.0,768.25,7.9,13.0,3.230769230769231,,1380113.3909953039,1380113.3909953039,False
Oklahoma State,2023,Big 12,10,54.0,649.79,6.7,13.0,3.3076923076923075,,1322075.1669413573,1322075.1669413573,False
Wisconsin,2023,Big Ten,7,58.0,741.63,9.4,14.0,3.0714285714285716,,1242131.9583954597,1242131.9583954597,False
Missouri,2023,SEC,11,34.0,755.4,19.3,8.0,3.5,,1235335.6317165978,1235335.6317165978,False
Duke,2023,ACC,8,56.0,620.9,9.4,6.0,3.0,,1220809.7351097376,1220809.7351097376,False
Georgia Tech,2023,ACC,7,62.0,710.85,0.3,16.0,3.0,,1214888.2051110854,1214888.2051110854,False
Auburn,2023,SEC,6,18.0,770.94,7.6,21.0,3.5714285714285716,,1200733.8931396827,1200733.8931396827,False
Minnesota,2023,Big Ten,6,45.0,640.46,0.4,10.0,3.0,,1197617.6234563664,1197617.6234563664,False
Nebraska,2023,Big Ten,5,25.0,765.2,0.3,13.0,3.1666666666666665,,1180080.735141306,1180080.735141306,False
South Carolina,2023,SEC,5,16.0,763.02,4.3,10.0,3.3,,1167346.3066963388,1167346.3066963388,False
Stanford,2023,Pac-12,3,46.0,710.28,-11.9,4.0,3.0,,1151594.7044616677,1151594.7044616677,False
Ole Miss,2023,SEC,11,23.0,756.04,18.4,25.0,3.32,,1147087.5248340578,1147087.5248340578,False
Kentucky,2023,SEC,7,32.0,740.54,10.5,12.0,3.5,,1136770.123078538,1136770.123078538,False
UCF,2023,Big 12,6,50.0,653.97,3.4,18.0,3.0,,1118573.8124714456,1118573.8124714456,False
NC State,2023,ACC,9,43.0,700.85,7.4,6.0,3.1666666666666665,,1090354.1197232904,1090354.1197232904,False
SMU,2023,American Athletic,11,72.0,714.21,10.1,26.0,3.0384615384615383,,1052582.5961970743,1052582.5961970743,False
Indiana,2023,Big Ten,3,69.0,677.57,-7.4,23.0,3.1818181818181817,,1048642.7765415553,1048642.7765415553,False
Texas Tech,2023,Big 12,7,28.0,694.26,6.1,7.0,3.0,,1048009.6867332859,1048009.6867332859,False
Baylor,2023,Big 12,3,35.0,678.0,-8.3,13.0,3.1538461538461537,,1042430.8648597114,1042430.8648597114,False
Memphis,2023,American Athletic,10,60.0,626.86,3.5,19.0,2.888888888888889,,993624.9506380127,993624.9506380127,False
Troy,2023,Sun Belt,11,94.0,454.06,9.8,8.0,3.0,,992747.5876880756,992747.5876880756,False
Iowa,2023,Big Ten,10,41.0,692.62,5.8,8.0,3.25,,975521.8683128601,975521.8683128601,False
Mississippi State,2023,SEC,5,27.0,746.29,0.5,13.0,3.1538461538461537,,973680.6599261141,973680.6599261141,False
Rutgers,2023,Big Ten,7,57.0,636.35,3.5,7.0,3.0,,961161.8344510715,961161.8344510715,False
Pittsburgh,2023,ACC,3,51.0,700.42,-7.3,7.0,3.2857142857142856,,959667.0007296074,959667.0007296074,False
Cincinnati,2023,Big 12,3,75.0,663.68,-6.8,21.0,2.952380952380953,,955252.7220073561,955252.7220073561,False
Oregon State,2023,Pac-12,8,49.0,653.16,12.6,7.0,3.142857142857143,,941738.8121890018,941738.8121890018,False
Fresno State,2023,Mountain West,9,83.0,555.3,2.5,8.0,3.25,,931158.1057960773,931158.1057960773,False
Massachusetts,2023,FBS Independents,3,127.0,565.65,-17.5,21.0,2.888888888888889,,925248.462452261,925248.462452261,False
Marshall,2023,Sun Belt,6,125.0,478.59,-9.0,11.0,2.909090909090909,,903918.4273625514,903918.4273625514,False
Maryland,2023,Big Ten,8,36.0,685.75,11.0,10.0,3.4,,892427.2079847294,892427.2079847294,False
BYU,2023,Big 12,5,66.0,576.25,-3.3,20.0,3.05,,887622.0375944979,887622.0375944979,False
Arkansas,2023,SEC,4,22.0,730.93,3.5,17.0,3.2941176470588234,,885897.4479092825,885897.4479092825,False
Arizona State,2023,Pac-12,3,44.0,681.32,-11.3,30.0,3.107142857142857,,883999.6846952211,883999.6846952211,False
Utah State,2023,Mountain West,6,100.0,435.99,-10.9,7.0,3.142857142857143,,878077.2574557052,878077.2574557052,False
Texas State,2023,Sun Belt,8,98.0,484.79,-1.6,37.0,2.5833333333333335,,874345.8115629174,874345.8115629174,False
Vanderbilt,2023,SEC,2,52.0,639.88,-12.7,3.0,2.6666666666666665,,865346.2516880458,865346.2516880458,False
UTSA,2023,American Athletic,9,59.0,574.52,5.4,8.0,2.625,,860919.564428364,860919.564428364,False
Toledo,2023,Mid-American,11,102.0,497.64,3.7,3.0,3.6666666666666665,,858344.4142275377,858344.4142275377,False
San José State,2023,Mountain West,7,112.0,513.83,-3.4,7.0,2.8333333333333335,,856109.390996754,856109.390996754,False
Virginia Tech,2023,ACC,7,39.0,638.89,5.8,9.0,3.2222222222222223,,846227.9778950505,846227.9778950505,False
Boise State,2023,Mountain West,8,67.0,579.88,5.9,9.0,2.6666666666666665,,845868.5234544101,845868.5234544101,False
California,2023,Pac-12,6,79.0,681.14,-0.1,20.0,3.1,,844619.2713395316,844619.2713395316,False
Tulane,2023,American Athletic,11,71.0,537.7,2.8,7.0,3.142857142857143,,830028.4965262336,830028.4965262336,False
South Florida,2023,American Athletic,7,76.0,622.89,-6.6,19.0,3.1176470588235294,,829435.1324493651,829435.1324493651,False
Kansas State,2023,Big 12,9,33.0,616.0,16.2,6.0,3.3333333333333335,,829039.570729944,829039.570729944,False
Syracuse,2023,ACC,6,88.0,610.75,-4.4,9.0,3.111111111111111,,811351.0399904439,811351.0399904439,False
Virginia,2023,ACC,3,64.0,622.7,-10.8,8.0,3.0,,789110.9773385713,789110.9773385713,False
New Mexico,2023,Mountain West,4,128.0,375.35,-16.5,14.0,3.1538461538461537,,777334.5993414726,777334.5993414726,False
San Diego State,2023,Mountain West,4,78.0,440.15,-10.3,5.0,3.2,,772402.7312817591,772402.7312817591,False
East Carolina,2023,American Athletic,2,65.0,563.94,-12.8,17.0,2.9375,,768058.8415416429,768058.8415416429,False
Illinois,2023,Big Ten,5,38.0,630.95,-2.5,7.0,3.142857142857143,,764051.5708006851,764051.5708006851,False
New Mexico State,2023,Conference USA,10,113.0,378.99,-1.8,7.0,3.3333333333333335,,759641.5227347307,759641.5227347307,False
Iowa State,2023,Big 12,7,42.0,638.87,7.5,2.0,3.0,,747097.9714129216,747097.9714129216,False
Louisiana Tech,2023,Conference USA,3,77.0,433.72,-12.9,19.0,2.6315789473684212,,746819.0611275404,746819.0611275404,False
Georgia State,2023,Sun Belt,7,116.0,499.67,-6.8,19.0,2.642857142857143,,742962.5458881303,742962.5458881303,False
Arizona,2023,Pac-12,10,40.0,687.01,14.1,8.0,3.25,,728370.9963888887,728370.9963888887,False
UL Monroe,2023,Sun Belt,2,126.0,336.22,-21.6,7.0,3.3333333333333335,,704725.3003537501,704725.3003537501,False
Wake Forest,2023,ACC,4,53.0,603.68,-7.9,3.0,3.0,,698693.5478686362,698693.5478686362,False
Houston,2023,Big 12,4,55.0,670.25,-7.8,20.0,3.0,,697404.6947975054,697404.6947975054,False
UAB,2023,American Athletic,4,92.0,473.46,-14.7,7.0,3.0,,695525.6480084273,695525.6480084273,False
Coastal Carolina,2023,Sun Belt,8,114.0,515.69,-1.2,13.0,2.9166666666666665,,693025.2998049593,693025.2998049593,False
South Alabama,2023,Sun Belt,7,90.0,545.68,5.1,9.0,2.888888888888889,,678452.8123926874,678452.8123926874,False
Tulsa,2023,American Athletic,4,115.0,520.23,-13.7,8.0,3.125,,677602.7657960253,677602.7657960253,False
App State,2023,Sun Belt,9,80.0,517.56,3.8,13.0,2.6666666666666665,,675952.2857501225,675952.2857501225,False
West Virginia,2023,Big 12,9,48.0,666.23,7.5,14.0,3.142857142857143,,674674.0146313839,674674.0146313839,False
Southern Miss,2023,Sun Belt,3,81.0,425.21,-14.4,8.0,3.142857142857143,,671888.7949521742,671888.7949521742,False
Middle Tennessee,2023,Conference USA,4,120.0,487.98,-9.5,9.0,2.875,,662882.8303424194,662882.8303424194,False
Purdue,2023,Big Ten,4,68.0,671.1,-7.3,15.0,3.2666666666666666,,662839.0331244116,662839.0331244116,False
Colorado State,2023,Mountain West,5,70.0,413.96,-8.9,10.0,2.4,,662535.2201077442,662535.2201077442,False
North Texas,2023,American Athletic,5,99.0,474.38,-6.7,10.0,2.6666666666666665,,650708.7710063813,650708.7710063813,False
Florida International,2023,Conference USA,4,95.0,487.5,-21.2,8.0,2.625,,647162.4318800503,647162.4318800503,False
Miami (OH),2023,Mid-American,11,105.0,408.16,2.8,4.0,3.25,,642270.7826732912,642270.7826732912,False
Bowling Green,2023,Mid-American,7,119.0,397.62,-7.8,3.0,3.3333333333333335,,639898.3721418296,639898.3721418296,False
Ball State,2023,Mid-American,4,108.0,403.54,-14.9,10.0,2.7142857142857144,,638287.5269524337,638287.5269524337,False
Rice,2023,American Athletic,6,86.0,466.78,-10.2,5.0,3.5,,636023.0438819814,636023.0438819814,False
Washington State,2023,Pac-12,5,63.0,573.28,4.9,9.0,2.888888888888889,,630920.2111273338,630920.2111273338,False
Kent State,2023,Mid-American,1,123.0,373.33,-26.3,7.0,3.0,,629856.7418601803,629856.7418601803,False
UNLV,2023,Mountain West,9,136.0,354.46,1.4,9.0,2.7777777777777777,,606370.2655224924,606370.2655224924,False
Nevada,2023,Mountain West,2,107.0,470.32,-22.0,13.0,3.0,,602327.0674635835,602327.0674635835,False
Western Michigan,2023,Mid-American,4,106.0,401.82,-15.9,6.0,3.0,,588978.6595804747,588978.6595804747,False
Western Kentucky,2023,Conference USA,8,134.0,491.26,-2.0,12.0,3.0833333333333335,,586053.3305642552,586053.3305642552,False
Eastern Michigan,2023,Mid-American,6,87.0,377.07,-12.3,5.0,2.8,,582355.5354614052,582355.5354614052,False
Kansas,2023,Big 12,9,73.0,632.68,9.9,12.0,2.909090909090909,,570553.8335621057,570553.8335621057,False
Akron,2023,Mid-American,2,109.0,445.02,-21.6,4.0,3.25,,570434.0028927415,570434.0028927415,False
Florida Atlantic,2023,American Athletic,4,82.0,582.59,-9.4,12.0,2.8333333333333335,,563138.3533350679,563138.3533350679,False
Georgia Southern,2023,Sun Belt,6,101.0,416.69,-5.2,15.0,2.8,,553928.2892791949,553928.2892791949,False
Northwestern,2023,Big Ten,8,47.0,657.88,-1.3,3.0,3.0,,551637.5972959386,551637.5972959386,False
Air Force,2023,Mountain West,9,104.0,0.0,5.9,0.0,0.0,,548036.7528652353,548036.7528652353,False
Ohio,2023,Mid-American,10,97.0,342.6,-1.6,4.0,2.75,,540213.5587776246,540213.5587776246,False
Temple,2023,American Athletic,3,85.0,554.47,-21.0,11.0,2.909090909090909,,525870.5041190784,525870.5041190784,False
Sam Houston,2023,Conference USA,3,96.0,240.42,-13.8,5.0,3.0,,525499.1858019431,525499.1858019431,False
UConn,2023,FBS Independents,3,124.0,484.94,-15.6,12.0,2.8333333333333335,,520578.60661387537,520578.60661387537,False
Buffalo,2023,Mid-American,3,84.0,296.09,-15.2,10.0,2.9,,515541.6439852023,515541.6439852023,False
Army,2023,FBS Independents,6,118.0,0.0,-4.0,0.0,0.0,,509515.23186771176,509515.23186771176,False
Wyoming,2023,Mountain West,9,110.0,338.5,-3.6,3.0,2.3333333333333335,,507484.145646915,507484.145646915,False
Northern Illinois,2023,Mid-American,7,103.0,352.36,-7.5,4.0,3.0,,504977.21606742387,504977.21606742387,False
Arkansas State,2023,Sun Belt,6,74.0,487.4,-6.3,8.0,3.0,,504261.5258694061,504261.5258694061,False
Charlotte,2023,American Athletic,3,129.0,554.96,-21.4,17.0,2.823529411764706,,502151.36949275865,502151.36949275865,False
James Madison,2023,Sun Belt,11,149.0,196.53,11.8,5.0,3.0,,501565.2308334527,501565.2308334527,False
Jacksonville State,2023,Conference USA,9,163.0,227.27,-1.6,2.0,3.0,,498045.51110340876,498045.51110340876,False
UTEP,2023,Conference USA,3,121.0,379.64,-16.2,2.0,2.5,,485864.3750757064,485864.3750757064,False
Hawai'i,2023,Mountain West,5,117.0,407.77,-16.4,8.0,2.875,,473257.5623101571,473257.5623101571,False
Old Dominion,2023,Sun Belt,6,122.0,343.17,-10.1,6.0,2.8333333333333335,,468684.0318638469,468684.0318638469,False
Liberty,2023,Conference USA,13,111.0,330.29,8.0,13.0,2.8461538461538463,,465350.1957733998,465350.1957733998,False
Navy,2023,American Athletic,5,131.0,0.0,-13.7,0.0,0.0,,464741.76879734156,464741.76879734156,False
Louisiana,2023,Sun Belt,6,89.0,475.45,0.4,1.0,3.0,,455741.5866315838,455741.5866315838,False
Central Michigan,2023,Mid-American,5,91.0,332.64,-19.1,2.0,2.5,,341682.89456219744,341682.89456219744,False
Georgia,2024,SEC,11,1.0,1006.89,24.3,11.0,3.4545454545454546,30000000.0,9170386.443872383,30000000.0,True
Alabama,2024,SEC,9,2.0,1018.28,25.0,14.0,3.642857142857143,25000000.0,10145717.91336334,25000000.0,True
Ohio State,2024,Big Ten,14,5.0,998.62,31.2,7.0,4.0,25000000.0,7079776.902061274,25000000.0,True
Colorado,2024,Big 12,9,81.0,749.16,8.1,41.0,3.15,12200000.0,3603730.33439467,12200000.0,True
Texas,2024,SEC,13,6.0,953.95,24.1,10.0,3.7,11100000.0,7560875.111327784,11100000.0,True
Penn State,2024,Big Ten,13,15.0,895.31,24.6,6.0,3.4,5400000.0,2277111.355751615,5400000.0,True
Oregon,2024,Big Ten,13,3.0,916.71,26.0,14.0,3.5714285714285716,5200000.0,3394983.237054027,5200000.0,True
Oklahoma,2024,SEC,6,8.0,906.61,9.5,16.0,3.125,3800000.0,2076100.4223965472,3800000.0,True
LSU,2024,SEC,9,7.0,906.19,15.9,10.0,3.3333333333333335,3600000.0,3164051.542644875,3600000.0,True
South Carolina,2024,SEC,9,22.0,798.18,16.9,22.0,3.1818181818181817,3400000.0,1869428.3772621735,3400000.0,True
Tennessee,2024,SEC,10,14.0,858.67,22.0,9.0,3.4444444444444446,3100000.0,2118493.3438383387,3100000.0,True
TCU,2024,Big 12,9,34.0,766.5,10.8,23.0,3.090909090909091,2200000.0,1258952.9236375073,2200000.0,True
Texas A&M,2024,SEC,8,19.0,914.52,17.0,26.0,3.28,,1980657.5379445483,1980657.5379445483,False
Florida State,2024,ACC,2,12.0,879.48,-3.2,17.0,3.588235294117647,1800000.0,2053149.0378874477,1800000.0,True
Ole Miss,2024,SEC,10,21.0,801.66,27.9,25.0,3.4,1800000.0,1723966.0419436134,1800000.0,True
Virginia Tech,2024,ACC,6,45.0,695.42,10.0,7.0,3.0,1700000.0,516425.9009899758,1700000.0,True
Michigan,2024,Big Ten,8,16.0,859.21,10.6,7.0,3.142857142857143,1500000.0,1887508.8475306318,1500000.0,True
Kansas State,2024,Big 12,9,57.0,651.75,14.1,10.0,3.2222222222222223,1400000.0,908293.3989179822,1400000.0,True
Auburn,2024,SEC,5,10.0,833.61,9.5,15.0,3.1333333333333333,1300000.0,1119271.4566363106,1300000.0,True
Baylor,2024,Big 12,8,67.0,709.46,8.4,16.0,3.0625,1300000.0,675636.377301934,1300000.0,True
Washington,2024,Big Ten,6,47.0,741.11,3.1,27.0,3.269230769230769,1300000.0,1383906.1361325784,1300000.0,True
Clemson,2024,ACC,10,11.0,924.63,13.3,0.0,0.0,,1206363.9480390893,1206363.9480390893,False
Arizona,2024,Big 12,4,85.0,672.7,-2.8,24.0,3.0,1200000.0,615552.0259023728,1200000.0,True
SMU,2024,ACC,11,107.0,788.22,17.5,20.0,3.0526315789473686,1100000.0,850874.4605467113,1100000.0,True
Syracuse,2024,ACC,10,38.0,698.59,5.5,19.0,3.0526315789473686,1100000.0,592410.3204402211,1100000.0,True
Florida,2024,SEC,8,13.0,894.24,13.8,15.0,3.4,989000.0,1240225.7337152401,989000.0,True
Arkansas,2024,SEC,7,31.0,779.17,11.0,22.0,3.090909090909091,966000.0,841155.9525227232,966000.0,True
NC State,2024,ACC,6,27.0,722.41,3.9,15.0,3.2666666666666666,953000.0,547364.8760916505,953000.0,True
Arizona State,2024,Big 12,11,48.0,757.02,9.4,28.0,3.074074074074074,,940718.4239621747,940718.4239621747,False
Vanderbilt,2024,SEC,7,40.0,695.96,4.9,22.0,3.0,931000.0,629611.3460214557,931000.0,True
California,2024,ACC,6,55.0,702.38,4.0,23.0,3.1739130434782608,882000.0,957508.9588233528,882000.0,True
Miami,2024,ACC,10,4.0,868.15,21.6,14.0,3.4285714285714284,853000.0,1400199.1633968083,853000.0,True
Mississippi State,2024,SEC,2,28.0,743.77,-4.1,18.0,3.0588235294117645,849000.0,634336.603075217,849000.0,True
Louisville,2024,ACC,9,58.0,739.28,13.6,28.0,3.107142857142857,843000.0,1188194.5105470812,843000.0,True
Notre Dame,2024,FBS Independents,14,9.0,905.52,23.9,9.0,3.4444444444444446,828000.0,1929517.6146775628,828000.0,True
Houston,2024,Big 12,4,60.0,646.7,-8.2,27.0,3.037037037037037,,769983.3566798909,769983.3566798909,False
UCLA,2024,Big Ten,5,90.0,758.87,-1.3,21.0,3.125,,725306.6561121437,725306.6561121437,False
Indiana,2024,Big Ten,11,65.0,668.92,20.1,30.0,3.0357142857142856,713000.0,466568.07252688904,713000.0,True
Iowa State,2024,Big 12,11,53.0,642.12,10.3,8.0,3.0,673000.0,389837.1345540672,673000.0,True
Michigan State,2024,Big Ten,5,42.0,721.75,-4.6,24.0,3.1818181818181817,,660967.3232138697,660967.3232138697,False
Tulane,2024,American Athletic,9,63.0,654.07,5.7,22.0,2.952380952380953,,563253.2124950303,563253.2124950303,False
Utah,2024,Big 12,5,59.0,745.21,7.7,11.0,3.272727272727273,562000.0,516727.47763888695,562000.0,True
Iowa,2024,Big Ten,8,32.0,723.51,15.8,4.0,3.0,,553969.5754075858,553969.5754075858,False
Texas Tech,2024,Big 12,8,25.0,732.07,4.3,16.0,3.125,552000.0,607568.0149169832,552000.0,True
USC,2024,Big Ten,7,17.0,863.09,11.9,16.0,3.1875,540000.0,869197.0726621323,540000.0,True
Memphis,2024,American Athletic,11,68.0,633.44,9.6,30.0,2.931034482758621,,536566.3462869043,536566.3462869043,False
UNLV,2024,Mountain West,11,76.0,575.16,9.3,19.0,3.0555555555555554,,530925.7840270723,530925.7840270723,False
Ohio,2024,Mid-American,11,92.0,450.55,2.3,21.0,3.0,,512379.52164453594,512379.52164453594,False
Purdue,2024,Big Ten,1,29.0,738.93,-16.2,18.0,2.9444444444444446,490000.0,546377.4930664448,490000.0,True
Stanford,2024,ACC,3,30.0,719.43,-8.2,4.0,2.75,,484089.31074192526,484089.31074192526,False
North Texas,2024,American Athletic,6,70.0,595.42,-4.5,25.0,3.0454545454545454,,459801.3567812935,459801.3567812935,False
Duke,2024,ACC,9,61.0,635.89,5.6,18.0,3.125,,450529.37099172873,450529.37099172873,False
North Carolina,2024,ACC,6,26.0,794.99,5.0,10.0,3.1,427000.0,666157.5045817392,427000.0,True
Maryland,2024,Big Ten,4,39.0,695.59,-3.9,8.0,3.0,,424636.03456103493,424636.03456103493,False
James Madison,2024,Sun Belt,9,108.0,459.14,7.5,26.0,2.9545454545454546,,402186.60388636,402186.60388636,False
Jacksonville State,2024,Conference USA,9,128.0,430.94,-1.0,19.0,2.9444444444444446,,398269.36975508486,398269.36975508486,False
Rutgers,2024,Big Ten,7,36.0,663.55,6.4,6.0,3.0,397000.0,287618.27086611046,397000.0,True
UTSA,2024,American Athletic,7,123.0,644.36,2.2,15.0,3.066666666666667,,386993.768504577,386993.768504577,False
Charlotte,2024,American Athletic,5,74.0,648.28,-15.3,28.0,3.0,,386751.400939543,386751.400939543,False
Oklahoma State,2024,Big 12,3,56.0,687.76,-2.6,8.0,3.0,,381651.73940242757,381651.73940242757,False
Utah State,2024,Mountain West,4,121.0,543.56,-10.4,20.0,2.9444444444444446,,378934.6838686853,378934.6838686853,False
Liberty,2024,Conference USA,8,105.0,569.65,0.2,18.0,3.0555555555555554,,374793.0375141052,374793.0375141052,False
Georgia Tech,2024,ACC,7,33.0,703.0,1.9,12.0,3.0,,369856.24014948425,369856.24014948425,False
Pittsburgh,2024,ACC,7,41.0,713.74,4.9,14.0,2.9285714285714284,,364795.6683841252,364795.6683841252,False
UCF,2024,Big 12,4,35.0,746.3,2.8,25.0,3.0833333333333335,356000.0,864481.2024046804,356000.0,True
Nevada,2024,Mountain West,3,127.0,525.22,-15.2,22.0,2.9473684210526314,,353266.40041760885,353266.40041760885,False
Georgia State,2024,Sun Belt,3,120.0,564.88,-17.9,31.0,3.032258064516129,,340590.3962991997,340590.3962991997,False
Cincinnati,2024,Big 12,5,51.0,662.34,-0.1,24.0,3.0434782608695654,,334345.8096616382,334345.8096616382,False
Kansas,2024,Big 12,5,43.0,696.92,4.9,11.0,3.1,324000.0,481741.4661910152,324000.0,True
San Diego State,2024,Mountain West,3,72.0,608.95,-15.4,24.0,3.0,,323392.799250148,323392.799250148,False
Miami (OH),2024,Mid-American,9,82.0,505.3,1.3,5.0,3.0,,307699.2522376024,307699.2522376024,False
Texas State,2024,Sun Belt,8,96.0,540.17,5.4,30.0,2.9642857142857144,,307299.9545302369,307299.9545302369,False
Fresno State,2024,Mountain West,6,86.0,568.31,-3.8,7.0,3.142857142857143,,294200.7411860627,294200.7411860627,False
Oregon State,2024,Pac-12,5,87.0,626.97,-6.7,16.0,3.0,,293566.7345387944,293566.7345387944,False
UConn,2024,FBS Independents,9,118.0,537.91,1.5,24.0,2.9565217391304346,,290849.4698884147,290849.4698884147,False
Marshall,2024,Sun Belt,10,103.0,587.22,3.1,28.0,3.0,,283807.29066482023,283807.29066482023,False
Eastern Michigan,2024,Mid-American,5,93.0,508.73,-13.3,21.0,3.0,,262344.13945392374,262344.13945392374,False
Boise State,2024,Mountain West,12,64.0,608.26,10.1,8.0,3.125,,262002.2155521839,262002.2155521839,False
Florida Atlantic,2024,American Athletic,3,79.0,592.16,-12.7,20.0,2.9473684210526314,,259510.228564538,259510.228564538,False
South Florida,2024,American Athletic,7,50.0,641.02,-2.3,14.0,3.0,,258787.7198059886,258787.7198059886,False
Western Kentucky,2024,Conference USA,8,111.0,518.88,-2.2,21.0,3.0,,257624.53841124463,257624.53841124463,False
UTEP,2024,Conference USA,3,83.0,455.97,-22.7,27.0,3.0,,245098.26496438205,245098.26496438205,False
Arkansas State,2024,Sun Belt,8,78.0,573.27,-9.9,17.0,3.0,,241665.81922725565,241665.81922725565,False
South Alabama,2024,Sun Belt,7,84.0,554.77,2.8,15.0,2.9285714285714284,,237943.63742026736,237943.63742026736,False
New Mexico,2024,Mountain West,5,201.0,464.59,-14.8,28.0,3.0384615384615383,,235974.82121321704,235974.82121321704,False
Coastal Carolina,2024,Sun Belt,6,75.0,557.61,-6.9,18.0,3.0625,,228811.97945735924,228811.97945735924,False
Massachusetts,2024,FBS Independents,2,126.0,585.57,-21.9,29.0,2.96,,222704.5139673144,222704.5139673144,False
Troy,2024,Sun Belt,4,89.0,499.56,-6.6,10.0,3.0,,222574.6049714898,222574.6049714898,False
Toledo,2024,Mid-American,8,66.0,571.92,-2.5,7.0,3.0,,222511.25627912694,222511.25627912694,False
App State,2024,Sun Belt,5,94.0,575.31,-8.1,15.0,3.0,,217047.0843359728,217047.0843359728,False
UAB,2024,American Athletic,3,98.0,583.23,-11.3,19.0,3.0,,210353.91652540726,210353.91652540726,False
East Carolina,2024,American Athletic,8,73.0,611.66,-1.0,17.0,3.0,,201493.1047865121,201493.1047865121,False
Buffalo,2024,Mid-American,9,110.0,435.22,-4.0,17.0,2.909090909090909,,200009.64527660038,200009.64527660038,False
Washington State,2024,Pac-12,8,62.0,610.54,1.3,12.0,3.0,,192003.473039222,192003.473039222,False
Middle Tennessee,2024,Conference USA,3,119.0,503.43,-24.4,12.0,3.0,,189382.04321457143,189382.04321457143,False
Bowling Green,2024,Mid-American,7,100.0,484.51,-1.8,13.0,3.0,,189368.81429476856,189368.81429476856,False
Hawai'i,2024,Mountain West,5,116.0,513.7,-10.9,6.0,2.8333333333333335,,181536.94235761152,181536.94235761152,False
Southern Miss,2024,Sun Belt,1,77.0,565.51,-25.6,17.0,3.0,,180855.81975626323,180855.81975626323,False
Northwestern,2024,Big Ten,4,80.0,675.78,-8.2,6.0,3.0,,177189.52995237184,177189.52995237184,False
Akron,2024,Mid-American,4,101.0,537.82,-17.9,15.0,2.9285714285714284,,173718.50527473626,173718.50527473626,False
New Mexico State,2024,Conference USA,3,134.0,370.2,-19.0,13.0,2.9166666666666665,,172603.96883090294,172603.96883090294,False
Louisiana,2024,Sun Belt,10,117.0,553.39,4.8,7.0,3.0,,167199.99654829188,167199.99654829188,False
Colorado State,2024,Mountain West,8,69.0,546.04,-5.7,11.0,3.0,,164412.25623176916,164412.25623176916,False
San José State,2024,Mountain West,7,104.0,480.29,-5.5,14.0,2.9166666666666665,,163802.6671497848,163802.6671497848,False
Georgia Southern,2024,Sun Belt,8,91.0,527.99,-1.7,12.0,3.0,,156199.4397109698,156199.4397109698,False
Rice,2024,American Athletic,4,122.0,538.4,-11.4,10.0,3.0,,150712.59898271674,150712.59898271674,False
Louisiana Tech,2024,Conference USA,5,113.0,533.72,-11.6,12.0,3.0,,149754.29700080462,149754.29700080462,False
Air Force,2024,Mountain West,5,172.0,0.0,-11.7,0.0,0.0,,147651.76659563844,147651.76659563844,False
Florida International,2024,Conference USA,4,109.0,504.39,-12.1,10.0,3.0,,147171.47305214196,147171.47305214196,False
Western Michigan,2024,Mid-American,6,71.0,547.19,-10.2,11.0,3.0,,144833.97184102627,144833.97184102627,False
Kent State,2024,Mid-American,0,97.0,435.3,-33.0,16.0,3.0,,141342.9233706953,141342.9233706953,False
Wyoming,2024,Mountain West,3,102.0,455.45,-13.6,3.0,3.0,,141316.20638952128,141316.20638952128,False
Tulsa,2024,American Athletic,3,54.0,556.71,-20.6,12.0,3.0,,138108.51444636,138108.51444636,False
Northern Illinois,2024,Mid-American,8,99.0,437.2,-3.5,6.0,3.0,,132363.29573601257,132363.29573601257,False
Sam Houston,2024,Conference USA,10,124.0,488.03,-6.9,12.0,3.0,,129749.40715306885,129749.40715306885,False
Central Michigan,2024,Mid-American,4,106.0,467.22,-15.8,6.0,3.0,,129302.53004244946,129302.53004244946,False
Old Dominion,2024,Sun Belt,5,125.0,428.91,-6.0,15.0,3.0,,128580.11110812768,128580.11110812768,False
Illinois,2024,Big Ten,10,49.0,653.75,9.6,12.0,3.25,127000.0,221578.3991567851,127000.0,True
Ball State,2024,Mid-American,3,112.0,464.07,-19.8,11.0,3.0,,125732.54047294345,125732.54047294345,False
Temple,2024,American Athletic,3,115.0,532.46,-20.3,15.0,3.0,,124538.11083572646,124538.11083572646,False
Army,2024,American Athletic,12,152.0,0.0,9.2,0.0,0.0,,113404.37792800978,113404.37792800978,False
UL Monroe,2024,Sun Belt,5,114.0,329.43,-16.7,16.0,2.9375,,107531.49345304632,107531.49345304632,False
Navy,2024,American Athletic,10,153.0,0.0,3.5,0.0,0.0,,101561.81123526966,101561.81123526966,False
Kennesaw State,2024,Conference USA,2,130.0,288.14,-25.1,10.0,3.0,,100474.20410066267,100474.20410066267,False
Boston College,2024,ACC,7,95.0,667.91,1.2,10.0,3.0,73000.0,199344.17253354765,73000.0,True
Wisconsin,2024,Big Ten,5,23.0,771.35,3.0,16.0,3.2,69000.0,360188.1055347239,69000.0,True
Kentucky,2024,SEC,4,24.0,788.36,5.5,12.0,3.272727272727273,63000.0,377352.0447991991,63000.0,True
Minnesota,2024,Big Ten,8,37.0,705.22,10.4,12.0,3.25,42000.0,247299.21798888125,42000.0,True
BYU,2024,Big 12,11,44.0,602.46,15.3,9.0,3.111111111111111,40000.0,177419.61524695175,40000.0,True
Missouri,2024,SEC,10,20.0,807.36,14.0,15.0,3.2,38000.0,541688.3936647113,38000.0,True
Virginia,2024,ACC,5,88.0,662.28,-5.1,13.0,3.0,30000.0,173818.51563231437,30000.0,True
Nebraska,2024,Big Ten,7,18.0,790.42,5.5,8.0,3.2857142857142856,27000.0,321958.5501613458,27000.0,True
West Virginia,2024,Big 12,6,46.0,684.9,2.1,13.0,3.0,24000.0,283089.8105815661,24000.0,True
Wake Forest,2024,ACC,4,52.0,635.45,-5.7,5.0,3.0,11500.0,152537.0316701787,11500.0,True
Texas,2025,SEC,10,1.0,973.54,16.2,11.0,3.3,7000000.0,4626150.230031334,7000000.0,True
Ohio State,2025,Big Ten,12,4.0,973.69,30.1,11.0,3.4444444444444446,6600000.0,4588457.055844145,6600000.0,True
South Carolina,2025,SEC,4,18.0,833.26,5.9,18.0,3.2777777777777777,5200000.0,1419495.5158133083,5200000.0,True
Ole Miss,2025,SEC,13,16.0,813.11,24.0,28.0,3.2857142857142856,5000000.0,2514555.3403583546,5000000.0,True
Arizona State,2025,Big 12,8,44.0,738.52,3.9,17.0,3.0,4000000.0,817195.1122712794,4000000.0,True
Texas Tech,2025,Big 12,12,48.0,757.49,27.6,21.0,3.4285714285714284,4000000.0,1313943.3715155558,4000000.0,True
Alabama,2025,SEC,11,3.0,993.55,14.8,11.0,3.363636363636364,,3864110.859108067,3864110.859108067,False
Cincinnati,2025,Big 12,7,61.0,644.1,4.5,20.0,3.0,3100000.0,726528.5005453116,3100000.0,True
Oregon,2025,Big Ten,13,5.0,941.22,25.9,11.0,3.636363636363636,3000000.0,2845252.0546225887,3000000.0,True
Auburn,2025,SEC,5,8.0,891.84,11.6,21.0,3.238095238095238,2900000.0,1595698.0602314642,2900000.0,True
Missouri,2025,SEC,8,20.0,804.77,14.4,21.0,3.1904761904761907,2800000.0,1190039.986162227,2800000.0,True
Duke,2025,ACC,9,30.0,669.18,6.6,9.0,3.111111111111111,2600000.0,634626.1970984159,2600000.0,True
Florida State,2025,ACC,5,19.0,828.45,7.2,22.0,3.363636363636364,2400000.0,1639502.122531768,2400000.0,True
Georgia,2025,SEC,12,2.0,1002.98,24.1,10.0,3.3,2300000.0,4178040.690611534,2300000.0,True
Oklahoma,2025,SEC,10,17.0,882.59,18.3,20.0,3.1578947368421053,1900000.0,1507125.0372165104,1900000.0,True
Colorado,2025,Big 12,3,37.0,755.2,-8.3,33.0,3.09375,1700000.0,1161584.7848340517,1700000.0,True
Houston,2025,Big 12,10,52.0,656.74,7.4,28.0,3.08,1500000.0,752091.7569927037,1500000.0,True
Notre Dame,2025,FBS Independents,10,12.0,912.11,24.4,8.0,3.142857142857143,1500000.0,1474007.8074955526,1500000.0,True
Texas A&M,2025,SEC,11,9.0,917.29,20.7,13.0,3.3846153846153846,1500000.0,1217697.9462952563,1500000.0,True
UCLA,2025,Big Ten,3,46.0,766.62,-8.7,30.0,3.0344827586206895,1500000.0,824548.9676341909,1500000.0,True
Penn State,2025,Big Ten,7,15.0,910.42,18.1,8.0,3.25,1300000.0,1407859.0472493758,1300000.0,True
LSU,2025,SEC,7,10.0,920.05,10.3,18.0,3.611111111111111,1100000.0,1803789.5616759602,1100000.0,True
Nebraska,2025,Big Ten,7,22.0,821.39,6.2,15.0,3.3333333333333335,1100000.0,695700.442349221,1100000.0,True
SMU,2025,ACC,9,31.0,766.67,13.4,20.0,3.0,1100000.0,738153.9371099308,1100000.0,True
Tennessee,2025,SEC,8,11.0,866.57,15.0,7.0,3.142857142857143,1100000.0,1207049.0417718724,1100000.0,True
Virginia Tech,2025,ACC,3,39.0,712.19,-10.1,30.0,3.0,1100000.0,671074.0522044676,1100000.0,True
USC,2025,Big Ten,9,14.0,847.53,16.9,15.0,3.2666666666666666,,1033240.0965729519,1033240.0965729519,False
Florida,2025,SEC,4,7.0,898.58,3.5,8.0,3.0,,944225.0108720327,944225.0108720327,False
BYU,2025,Big 12,12,55.0,649.36,15.9,13.0,3.0,760000.0,339990.1874150267,760000.0,True
Clemson,2025,ACC,7,26.0,918.43,9.5,4.0,3.3333333333333335,742000.0,1030220.3324903954,742000.0,True
Utah,2025,Big 12,11,40.0,707.86,22.2,21.0,3.05,697000.0,621808.5793118863,697000.0,True
UCF,2025,Big 12,5,79.0,709.99,-1.2,38.0,3.057142857142857,694000.0,679200.9976890412,694000.0,True
Oklahoma State,2025,Big 12,1,53.0,702.74,-15.1,40.0,3.0,689000.0,579443.7867971989,689000.0,True
Mississippi State,2025,SEC,5,28.0,770.48,4.1,32.0,3.096774193548387,686000.0,613781.8753376305,686000.0,True
Arkansas,2025,SEC,2,32.0,772.64,5.1,31.0,3.1333333333333333,,668073.0088917859,668073.0088917859,False
TCU,2025,Big 12,9,24.0,745.01,8.3,11.0,3.090909090909091,,655235.2662443088,655235.2662443088,False
Memphis,2025,American Athletic,8,60.0,668.63,7.6,36.0,3.0,,639696.4781837652,639696.4781837652,False
Wake Forest,2025,ACC,9,63.0,627.16,5.7,33.0,3.03125,,633024.9231950388,633024.9231950388,False
UNLV,2025,Mountain West,10,95.0,700.54,4.3,40.0,3.027027027027027,,616770.2425145748,616770.2425145748,False
Kansas,2025,Big 12,5,72.0,705.32,4.1,27.0,3.0,571000.0,412725.7895077652,571000.0,True
West Virginia,2025,Big 12,4,43.0,662.33,-6.8,51.0,3.020408163265306,,522995.6220786292,522995.6220786292,False
North Carolina,2025,ACC,4,41.0,753.2,-6.6,39.0,3.1944444444444446,518000.0,1045584.8333990455,518000.0,True
Georgia Tech,2025,ACC,9,21.0,715.56,9.3,23.0,3.090909090909091,,516165.8758844768,516165.8758844768,False
California,2025,ACC,7,69.0,726.21,-3.2,36.0,3.0,,510491.10159653367,510491.10159653367,False
Tulane,2025,American Athletic,11,74.0,650.87,6.3,30.0,3.0,,501731.2594425117,501731.2594425117,False
Wisconsin,2025,Big Ten,4,27.0,763.17,-4.4,18.0,3.111111111111111,,498466.3439677607,498466.3439677607,False
Arizona,2025,Big 12,9,50.0,651.62,12.0,30.0,2.966666666666667,,479470.0438532982,479470.0438532982,False
Southern Miss,2025,Sun Belt,7,105.0,602.53,-7.1,52.0,3.020408163265306,,475052.11992521957,475052.11992521957,False
Miami,2025,ACC,13,13.0,874.57,20.7,18.0,3.4705882352941178,460000.0,1388407.0570933125,460000.0,True
Marshall,2025,Sun Belt,5,120.0,590.64,-4.5,52.0,3.0232558139534884,,459240.4204993517,459240.4204993517,False
Tulsa,2025,American Athletic,4,109.0,594.78,-10.0,31.0,2.9655172413793105,,457924.68223045126,457924.68223045126,False
Syracuse,2025,ACC,3,42.0,727.83,-13.1,16.0,3.0,,451495.782431472,451495.782431472,False
NC State,2025,ACC,8,34.0,707.51,4.8,18.0,3.0,,448894.6943786059,448894.6943786059,False
Indiana,2025,Big Ten,16,47.0,645.34,32.4,23.0,3.0952380952380953,420000.0,362822.7398269321,420000.0,True
UTEP,2025,Conference USA,2,70.0,551.88,-17.5,26.0,2.9047619047619047,,416905.0439842454,416905.0439842454,False
New Mexico,2025,Mountain West,9,194.0,378.8,0.9,35.0,2.933333333333333,,400451.5485240192,400451.5485240192,False
Western Kentucky,2025,Conference USA,9,96.0,561.36,1.6,42.0,3.0,,389017.67181165714,389017.67181165714,False
Georgia State,2025,Sun Belt,1,67.0,611.97,-24.5,27.0,3.08,,383265.6903147356,383265.6903147356,False
Toledo,2025,Mid-American,8,73.0,620.13,6.0,20.0,2.9473684210526314,,371484.1740349601,371484.1740349601,False
Eastern Michigan,2025,Mid-American,4,97.0,572.9,-14.7,20.0,2.8666666666666667,,361329.18019538955,361329.18019538955,False
Rutgers,2025,Big Ten,5,33.0,689.22,1.0,19.0,3.0555555555555554,355000.0,325546.5858272136,355000.0,True
Ball State,2025,Mid-American,4,119.0,495.35,-23.0,24.0,2.9473684210526314,,352208.9352238808,352208.9352238808,False
Sam Houston,2025,Conference USA,2,122.0,477.35,-27.8,26.0,2.782608695652174,,343348.3185217663,343348.3185217663,False
Boise State,2025,Mountain West,9,62.0,610.65,3.1,12.0,3.0,,342732.1800688293,342732.1800688293,False
Arkansas State,2025,Sun Belt,7,75.0,591.27,-8.8,32.0,2.9642857142857144,,341714.9561325072,341714.9561325072,False
Florida Atlantic,2025,American Athletic,4,85.0,605.22,-8.7,38.0,3.0,,332220.6598453155,332220.6598453155,False
Texas State,2025,Sun Belt,7,101.0,612.16,2.3,34.0,3.032258064516129,,330258.42607986287,330258.42607986287,False
Purdue,2025,Big Ten,2,99.0,687.74,-6.1,51.0,3.0,,328318.70473130094,328318.70473130094,False
Washington State,2025,Pac-12,7,71.0,569.46,3.8,34.0,2.935483870967742,,321320.27218196855,321320.27218196855,False
App State,2025,Sun Belt,5,116.0,611.31,-11.4,32.0,2.9642857142857144,,316898.32779428386,316898.32779428386,False
North Texas,2025,American Athletic,12,112.0,569.15,13.8,34.0,2.966666666666667,,314806.6375812951,314806.6375812951,False
Florida International,2025,Conference USA,7,90.0,562.61,-10.5,23.0,3.0526315789473686,,314359.0136891857,314359.0136891857,False
Utah State,2025,Mountain West,6,87.0,503.59,-3.1,24.0,2.761904761904762,,309764.61644982663,309764.61644982663,False
Jacksonville State,2025,Conference USA,9,110.0,519.93,-6.7,22.0,2.8421052631578947,,308476.07285549556,308476.07285549556,False
Fresno State,2025,Mountain West,9,103.0,586.84,1.8,21.0,2.789473684210526,,298444.2029831981,298444.2029831981,False
Coastal Carolina,2025,Sun Belt,6,91.0,610.88,-15.1,30.0,3.0,,296002.685999442,296002.685999442,False
Ohio,2025,Mid-American,9,121.0,469.99,-4.0,21.0,3.0,,291613.23963541567,291613.23963541567,False
Temple,2025,American Athletic,5,123.0,507.91,-5.1,24.0,2.9545454545454546,,288852.7406058113,288852.7406058113,False
South Florida,2025,American Athletic,9,65.0,666.89,11.6,23.0,3.047619047619047,,288409.38851139194,288409.38851139194,False
UConn,2025,FBS Independents,9,114.0,568.12,5.1,23.0,3.0454545454545454,,287086.068696963,287086.068696963,False
Michigan State,2025,Big Ten,4,57.0,717.42,-3.4,23.0,3.0434782608695654,283000.0,345979.44228126126,283000.0,True
East Carolina,2025,American Athletic,9,77.0,611.55,8.0,24.0,3.0,,282488.3667341645,282488.3667341645,False
South Alabama,2025,Sun Belt,4,118.0,544.87,-12.7,23.0,2.869565217391304,,279372.3897715884,279372.3897715884,False
Stanford,2025,ACC,4,56.0,707.27,-11.8,17.0,3.0,,277251.27417920984,277251.27417920984,False
Kennesaw State,2025,Conference USA,10,154.0,338.87,-5.4,27.0,2.875,,275954.06109149987,275954.06109149987,False
James Madison,2025,Sun Belt,12,108.0,459.53,12.3,29.0,3.0,,273289.26660358347,273289.26660358347,False
UAB,2025,American Athletic,4,125.0,540.93,-15.8,29.0,3.0,,272662.29100273247,272662.29100273247,False
Charlotte,2025,American Athletic,1,144.0,526.3,-26.7,34.0,2.967741935483871,,261846.54869390014,261846.54869390014,False
Bowling Green,2025,Mid-American,4,94.0,527.31,-12.6,21.0,3.0,,260498.31065911474,260498.31065911474,False
Miami (OH),2025,Mid-American,7,83.0,592.1,-3.4,16.0,3.0,,257227.21547513563,257227.21547513563,False
UTSA,2025,American Athletic,7,107.0,662.09,3.7,20.0,3.0588235294117645,,243646.36146829955,243646.36146829955,False
San Diego State,2025,Mountain West,9,78.0,594.27,6.7,19.0,3.0,,242963.5931890143,242963.5931890143,False
Western Michigan,2025,Mid-American,10,104.0,534.35,-1.4,23.0,2.9047619047619047,,238724.82056344097,238724.82056344097,False
Liberty,2025,Conference USA,4,86.0,599.12,-9.0,20.0,2.9444444444444446,,229470.4630151083,229470.4630151083,False
Iowa,2025,Big Ten,9,38.0,710.0,19.7,9.0,3.111111111111111,,226234.89947182816,226234.89947182816,False
Massachusetts,2025,Mid-American,0,145.0,488.73,-36.6,35.0,3.0,,221503.988042908,221503.988042908,False
Louisiana,2025,Sun Belt,6,81.0,585.82,-10.1,5.0,3.0,,219659.01736660706,219659.01736660706,False
Nevada,2025,Mountain West,3,88.0,488.69,-13.4,20.0,2.875,,210702.0799246726,210702.0799246726,False
Minnesota,2025,Big Ten,8,49.0,711.04,1.5,21.0,2.9,206000.0,313975.0186259963,206000.0,True
Boston College,2025,ACC,2,59.0,650.12,-8.5,15.0,3.0,,198113.05828828725,198113.05828828725,False
Oregon State,2025,Pac-12,2,64.0,667.99,-15.9,14.0,3.1538461538461537,,194015.61755056022,194015.61755056022,False
New Mexico State,2025,Conference USA,4,126.0,402.9,-15.5,21.0,3.0,,184116.11279255076,184116.11279255076,False
Michigan,2025,Big Ten,9,6.0,907.22,12.4,17.0,3.125,183000.0,780559.6460011806,183000.0,True
Wyoming,2025,Mountain West,4,89.0,489.33,-11.3,17.0,2.909090909090909,,175138.80465560392,175138.80465560392,False
Georgia Southern,2025,Sun Belt,7,80.0,574.48,-9.4,16.0,3.0,,174516.85874905315,174516.85874905315,False
Colorado State,2025,Mountain West,2,106.0,583.71,-15.6,18.0,3.0,,173820.45641359503,173820.45641359503,False
Louisville,2025,ACC,9,68.0,700.77,12.4,30.0,3.0344827586206895,171000.0,435776.6933205911,171000.0,True
San José State,2025,Mountain West,3,117.0,522.91,-14.3,13.0,3.0,,169698.0836484948,169698.0836484948,False
Akron,2025,Mid-American,5,128.0,537.21,-13.9,17.0,3.0,,164416.36148886726,164416.36148886726,False
Old Dominion,2025,Sun Belt,10,102.0,477.45,5.9,12.0,3.111111111111111,,157447.7842962879,157447.7842962879,False
Washington,2025,Big Ten,9,23.0,720.56,18.4,18.0,3.0625,156000.0,296854.9553396428,156000.0,True
Central Michigan,2025,Mid-American,7,113.0,481.16,-8.8,10.0,3.0,,155916.52947604656,155916.52947604656,False
Northwestern,2025,Big Ten,7,66.0,677.97,5.8,14.0,3.0,,152853.9858571525,152853.9858571525,False
Rice,2025,American Athletic,5,100.0,530.06,-14.8,11.0,2.888888888888889,,151867.11013010825,151867.11013010825,False
Buffalo,2025,Mid-American,5,92.0,513.33,-7.5,8.0,2.75,,151680.9761649031,151680.9761649031,False
Kansas State,2025,Big 12,6,35.0,705.85,7.0,16.0,3.0,151000.0,324806.9405317698,151000.0,True
Virginia,2025,ACC,11,58.0,666.74,11.1,31.0,3.066666666666667,150000.0,311586.96842652065,150000.0,True
Navy,2025,American Athletic,11,132.0,,6.2,0.0,0.0,,142359.173296622,142359.173296622,False
Missouri State,2025,Conference USA,7,136.0,426.1,-10.7,15.0,2.9166666666666665,,137428.1135242671,137428.1135242671,False
Army,2025,American Athletic,7,130.0,23.66,0.8,0.0,0.0,,136761.04887029657,136761.04887029657,False
Kent State,2025,Mid-American,5,93.0,456.24,-19.3,12.0,2.7777777777777777,,130044.44936306035,130044.44936306035,False
Troy,2025,Sun Belt,8,82.0,561.87,-4.8,4.0,3.0,,126231.95990382152,126231.95990382152,False
Delaware,2025,Conference USA,7,137.0,242.85,-10.9,8.0,3.142857142857143,,125072.38588701547,125072.38588701547,False
Louisiana Tech,2025,Conference USA,8,111.0,493.5,-1.3,9.0,3.0,,123048.68244829123,123048.68244829123,False
UL Monroe,2025,Sun Belt,3,115.0,473.34,-21.6,14.0,2.9285714285714284,,120641.28016167195,120641.28016167195,False
Northern Illinois,2025,Mid-American,3,84.0,471.01,-16.7,5.0,3.0,,116099.88089268288,116099.88089268288,False
Hawai'i,2025,Mountain West,9,124.0,481.2,1.7,13.0,3.0,,106856.23313516704,106856.23313516704,False
Air Force,2025,Mountain West,4,129.0,,-3.2,0.0,0.0,,106247.54508287893,106247.54508287893,False
Middle Tennessee,2025,Conference USA,3,98.0,520.55,-16.0,12.0,3.0,,101203.15840621229,101203.15840621229,False
Maryland,2025,Big Ten,4,25.0,699.31,0.6,15.0,3.066666666666667,85000.0,207762.06519274064,85000.0,True
Kentucky,2025,SEC,5,29.0,763.18,1.8,25.0,3.28,76000.0,364747.2841112531,76000.0,True
Iowa State,2025,Big 12,8,54.0,648.93,9.9,8.0,3.125,74000.0,253854.1447762324,74000.0,True
Baylor,2025,Big 12,5,36.0,726.3,1.4,23.0,3.0454545454545454,70000.0,398400.9876704288,70000.0,True
Pittsburgh,2025,ACC,8,51.0,681.21,8.4,15.0,3.0,55000.0,183544.99916908095,55000.0,True
Illinois,2025,Big Ten,9,45.0,662.13,12.9,18.0,3.0,22000.0,186712.41073880057,22000.0,True
Vanderbilt,2025,SEC,10,76.0,685.42,20.3,20.0,3.0,5400.0,163850.47059068293,5400.0,True
